Workbook

Sheet Summary
A1: unit | B1: rotations (1k) | C1: rotations (100k) | D1: mean a (1k) | E1: std a (1k) | F1: max |a| (1k) | G1: mean a (100k) | H1: std a (100k) | I1: max |a| (100k) | J1: mean |da| (1k) | K1: mean |da| (100k)
A2: 4 | B2: -3.2471724 | C2: -5.2389631 | D2: =AVERAGE(a_step1k!B2:AG2) -> 0.27682924 | E2: =STDEV(a_step1k!B2:AG2) -> 0.59994825 | F2: =MAX(ABS(a_step1k!B2:AG2)) -> 0.2504997 | G2: =AVERAGE(a_step100k!B2:AG2) -> 0.042218828 | H2: =STDEV(a_step100k!B2:AG2) -> 0.044115326 | I2: =MAX(ABS(a_step100k!B2:AG2)) -> 0.045531221 | J2: =AVERAGE(ABS(da_step1k!B2:AG2)) -> 0.2812542 | K2: =AVERAGE(ABS(da_step100k!B2:AG2)) -> 0.0025517587
A3: 22 | B3: -4.339108 | C3: -6.3519282 | D3: =AVERAGE(a_step1k!B3:AG3) -> -1.3739486 | E3: =STDEV(a_step1k!B3:AG3) -> 1.1522297 | F3: =MAX(ABS(a_step1k!B3:AG3)) -> 0.28353229 | G3: =AVERAGE(a_step100k!B3:AG3) -> -0.058731516 | H3: =STDEV(a_step100k!B3:AG3) -> 0.045676094 | I3: =MAX(ABS(a_step100k!B3:AG3)) -> 0.018883133 | J3: =AVERAGE(ABS(da_step1k!B3:AG3)) -> 0.24386983 | K3: =AVERAGE(ABS(da_step100k!B3:AG3)) -> 0.0035763115
A4: 23 | B4: -7.2284412 | C4: -6.1335487 | D4: =AVERAGE(a_step1k!B4:AG4) -> -0.049222489 | E4: =STDEV(a_step1k!B4:AG4) -> 0.72983636 | F4: =MAX(ABS(a_step1k!B4:AG4)) -> 0.53397048 | G4: =AVERAGE(a_step100k!B4:AG4) -> 0.13104919 | H4: =STDEV(a_step100k!B4:AG4) -> 0.1115898 | I4: =MAX(ABS(a_step100k!B4:AG4)) -> 0.049316149 | J4: =AVERAGE(ABS(da_step1k!B4:AG4)) -> 0.39868569 | K4: =AVERAGE(ABS(da_step100k!B4:AG4)) -> 0.0063450038
A5: 59 | B5: -4.34233 | C5: -5.9876995 | D5: =AVERAGE(a_step1k!B5:AG5) -> -2.0515976 | E5: =STDEV(a_step1k!B5:AG5) -> 1.3534169 | F5: =MAX(ABS(a_step1k!B5:AG5)) -> 0.69191855 | G5: =AVERAGE(a_step100k!B5:AG5) -> -0.14027598 | H5: =STDEV(a_step100k!B5:AG5) -> 0.13191021 | I5: =MAX(ABS(a_step100k!B5:AG5)) -> 0.020245623 | J5: =AVERAGE(ABS(da_step1k!B5:AG5)) -> 0.51741624 | K5: =AVERAGE(ABS(da_step100k!B5:AG5)) -> 0.0043594316
A6: 60 | B6: -5.2452087 | C6: -5.3925519 | D6: =AVERAGE(a_step1k!B6:AG6) -> 0.79289615 | E6: =STDEV(a_step1k!B6:AG6) -> 0.80364738 | F6: =MAX(ABS(a_step1k!B6:AG6)) -> 0.81084275 | G6: =AVERAGE(a_step100k!B6:AG6) -> -0.036568238 | H6: =STDEV(a_step100k!B6:AG6) -> 0.024420349 | I6: =MAX(ABS(a_step100k!B6:AG6)) -> 0.064335965 | J6: =AVERAGE(ABS(da_step1k!B6:AG6)) -> 0.23554353 | K6: =AVERAGE(ABS(da_step100k!B6:AG6)) -> 0.00069111586
A7: 70 | B7: -5.7611094 | C7: -4.2090292 | D7: =AVERAGE(a_step1k!B7:AG7) -> 0.29674694 | E7: =STDEV(a_step1k!B7:AG7) -> 1.314406 | F7: =MAX(ABS(a_step1k!B7:AG7)) -> 1.2041641 | G7: =AVERAGE(a_step100k!B7:AG7) -> -0.023293521 | H7: =STDEV(a_step100k!B7:AG7) -> 0.066903863 | I7: =MAX(ABS(a_step100k!B7:AG7)) -> 0.014594061 | J7: =AVERAGE(ABS(da_step1k!B7:AG7)) -> 0.36666647 | K7: =AVERAGE(ABS(da_step100k!B7:AG7)) -> 0.016959094
A8: 107 | B8: -6.028852 | C8: -4.599556 | D8: =AVERAGE(a_step1k!B8:AG8) -> 0.36080626 | E8: =STDEV(a_step1k!B8:AG8) -> 0.77369243 | F8: =MAX(ABS(a_step1k!B8:AG8)) -> 0.19567314 | G8: =AVERAGE(a_step100k!B8:AG8) -> 0.061436244 | H8: =STDEV(a_step100k!B8:AG8) -> 0.047150537 | I8: =MAX(ABS(a_step100k!B8:AG8)) -> 0.029226387 | J8: =AVERAGE(ABS(da_step1k!B8:AG8)) -> 0.28802738 | K8: =AVERAGE(ABS(da_step100k!B8:AG8)) -> 0.0071775545
A9: 131 | B9: -5.28406 | C9: -6.4412975 | D9: =AVERAGE(a_step1k!B9:AG9) -> -1.2017509 | E9: =STDEV(a_step1k!B9:AG9) -> 1.4602663 | F9: =MAX(ABS(a_step1k!B9:AG9)) -> 0.51017797 | G9: =AVERAGE(a_step100k!B9:AG9) -> 0.141038 | H9: =STDEV(a_step100k!B9:AG9) -> 0.082110712 | I9: =MAX(ABS(a_step100k!B9:AG9)) -> 0.097908139 | J9: =AVERAGE(ABS(da_step1k!B9:AG9)) -> 0.16961905 | K9: =AVERAGE(ABS(da_step100k!B9:AG9)) -> 0.0078255087
A10: 161 | B10: -6.8308353 | C10: -6.3438029 | D10: =AVERAGE(a_step1k!B10:AG10) -> 0.16065115 | E10: =STDEV(a_step1k!B10:AG10) -> 0.77233815 | F10: =MAX(ABS(a_step1k!B10:AG10)) -> 1.0086389 | G10: =AVERAGE(a_step100k!B10:AG10) -> 0.058025951 | H10: =STDEV(a_step100k!B10:AG10) -> 0.054051646 | I10: =MAX(ABS(a_step100k!B10:AG10)) -> 0.00031854463 | J10: =AVERAGE(ABS(da_step1k!B10:AG10)) -> 0.1378129 | K10: =AVERAGE(ABS(da_step100k!B10:AG10)) -> 0.0025803479
A11: 183 | B11: -7.5592737 | C11: -5.6534553 | D11: =AVERAGE(a_step1k!B11:AG11) -> -0.88753902 | E11: =STDEV(a_step1k!B11:AG11) -> 0.74720998 | F11: =MAX(ABS(a_step1k!B11:AG11)) -> 0.064867742 | G11: =AVERAGE(a_step100k!B11:AG11) -> 0.050631697 | H11: =STDEV(a_step100k!B11:AG11) -> 0.078488645 | I11: =MAX(ABS(a_step100k!B11:AG11)) -> 0.0081141237 | J11: =AVERAGE(ABS(da_step1k!B11:AG11)) -> 0.28103149 | K11: =AVERAGE(ABS(da_step100k!B11:AG11)) -> 0.0041711163
A12: 216 | B12: -5.3586593 | C12: -6.2659187 | D12: =AVERAGE(a_step1k!B12:AG12) -> -0.25905326 | E12: =STDEV(a_step1k!B12:AG12) -> 1.358795 | F12: =MAX(ABS(a_step1k!B12:AG12)) -> 1.0574942 | G12: =AVERAGE(a_step100k!B12:AG12) -> -0.087050532 | H12: =STDEV(a_step100k!B12:AG12) -> 0.11465661 | I12: =MAX(ABS(a_step100k!B12:AG12)) -> 0.011786264 | J12: =AVERAGE(ABS(da_step1k!B12:AG12)) -> 0.33039552 | K12: =AVERAGE(ABS(da_step100k!B12:AG12)) -> 0.010150796
A13: 232 | B13: -6.3945427 | C13: -5.1484241 | D13: =AVERAGE(a_step1k!B13:AG13) -> -0.59417221 | E13: =STDEV(a_step1k!B13:AG13) -> 0.62412492 | F13: =MAX(ABS(a_step1k!B13:AG13)) -> 0.70753419 | G13: =AVERAGE(a_step100k!B13:AG13) -> 0.068292849 | H13: =STDEV(a_step100k!B13:AG13) -> 0.1313324 | I13: =MAX(ABS(a_step100k!B13:AG13)) -> 0.0046951566 | J13: =AVERAGE(ABS(da_step1k!B13:AG13)) -> 0.055647761 | K13: =AVERAGE(ABS(da_step100k!B13:AG13)) -> 0.013092209
... A101: 2015 | B101: -5.9134898 | C101: -5.7179003 | D101: =AVERAGE(a_step1k!B101:AG101) -> -1.3066846 | E101: =STDEV(a_step1k!B101:AG101) -> 0.91286735 | F101: =MAX(ABS(a_step1k!B101:AG101)) -> 2.7060914 | G101: =AVERAGE(a_step100k!B101:AG101) -> -0.21485801 | H101: =STDEV(a_step100k!B101:AG101) -> 0.16875119 | I101: =MAX(ABS(a_step100k!B101:AG101)) -> 0.073943667 | J101: =AVERAGE(ABS(da_step1k!B101:AG101)) -> 0.19811116 | K101: =AVERAGE(ABS(da_step100k!B101:AG101)) -> 0.0085193478

Sheet a_step1k
A1: unit | B1: 0 | C1: 1 | D1: 2 | E1: 3 | F1: 4 | G1: 5 | H1: 6 | I1: 7 | J1: 8 | K1: 9 | L1: 10 | M1: 11 | N1: 12 | O1: 13 | P1: 14 | Q1: 15 | R1: 16 | S1: 17 | T1: 18 | U1: 19 | V1: 20 | W1: 21 | X1: 22 | Y1: 23 | Z1: 24 | AA1: 25 | AB1: 26 | AC1: 27 | AD1: 28 | AE1: 29 | AF1: 30 | AG1: 31
A2: 4 | B2: -0.0003520218 | C2: 0.063999474 | D2: -0.28581476 | E2: -0.54102665 | F2: -0.2504997 | G2: 0.17252256 | H2: -0.10457721 | I2: 0.79518872 | J2: 0.8843621 | K2: 1.3576971 | L2: 0.93758458 | M2: 1.1463187 | N2: 0.80074394 | O2: 1.6198034 | P2: 0.5270434 | Q2: -0.27264968 | R2: 0.058975175 | S2: -0.25464332 | T2: 0.30625102 | U2: 0.61306494 | V2: 1.1155999 | W2: 0.61664063 | X2: 0.89456552 | Y2: -0.17639549 | Z2: -0.089997441 | AA2: -0.31815481 | AB2: -0.021085832 | AC2: 0.060298026 | AD2: 0.36958802 | AE2: -0.046585064 | AF2: -0.2541306 | AG2: -0.86579889
A3: 22 | B3: 0.0086982222 | C3: -0.62341684 | D3: -0.7362749 | E3: 0.51646543 | F3: 0.28353229 | G3: -1.5089922 | H3: -1.5543402 | I3: -0.86202818 | J3: -0.90112823 | K3: -0.37428853 | L3: -0.11830609 | M3: 0.15239029 | N3: 0.10738294 | O3: -0.52027494 | P3: -1.6446924 | Q3: -1.2039416 | R3: -1.2501622 | S3: -1.5196301 | T3: -1.6467618 | U3: -1.8010956 | V3: -1.9245498 | W3: -1.5627178 | X3: -1.6901175 | Y3: -0.90985143 | Z3: -1.4698229 | AA3: -1.7935112 | AB3: -2.3074865 | AC3: -2.9425743 | AD3: -3.6830041 | AE3: -3.5233719 | AF3: -3.7884157 | AG3: -3.1740673
A4: 23 | B4: -0.0021988498 | C4: -0.12311017 | D4: 0.52746356 | E4: -0.90789068 | F4: -0.53397048 | G4: -1.0448525 | H4: -0.64522982 | I4: 0.25839427 | J4: 0.18473853 | K4: -0.53897715 | L4: -0.40166348 | M4: 0.28811282 | N4: 0.053591967 | O4: -0.530424 | P4: -0.33551723 | Q4: 0.44843972 | R4: 0.66662437 | S4: 0.40869865 | T4: 0.99288255 | U4: 0.1411714 | V4: 0.085424028 | W4: 0.73771596 | X4: 0.6457597 | Y4: 1.7439301 | Z4: 1.2115639 | AA4: -1.1224287 | AB4: -0.64790016 | AC4: -0.58080053 | AD4: -0.97668862 | AE4: -1.0781893 | AF4: -0.98896849 | AG4: 0.48917884
A5: 59 | B5: -0.0014593997 | C5: -2.022532 | D5: -1.6129158 | E5: 0.31964478 | F5: 0.69191855 | G5: -0.29113236 | H5: -0.27777487 | I5: -0.354927 | J5: -0.063353464 | K5: -1.3897594 | L5: -0.67834878 | M5: -2.1100466 | N5: -2.146533 | O5: -3.6942637 | P5: -3.0851097 | Q5: -2.9390106 | R5: -2.5667319 | S5: -1.8435144 | T5: -1.9773865 | U5: -2.5766358 | V5: -2.7971919 | W5: -3.4877558 | X5: -3.7539728 | Y5: -3.8880057 | Z5: -4.0681181 | AA5: -3.1284559 | AB5: -3.137038 | AC5: -1.9193752 | AD5: -2.0671024 | AE5: -3.3712959 | AF5: -3.3269928 | AG5: -2.0859466
A6: 60 | B6: -0.0072274283 | C6: 1.7007787 | D6: 2.0321634 | E6: 1.0202042 | F6: 0.81084275 | G6: 2.8186533 | H6: 2.9141698 | I6: 0.96967191 | J6: 1.4419521 | K6: 0.49858484 | L6: 0.53884912 | M6: 0.053514913 | N6: 0.45635855 | O6: -0.26899412 | P6: -0.3884016 | Q6: 1.6648993 | R6: 0.98317897 | S6: 0.31048656 | T6: -0.062363386 | U6: -0.044287775 | V6: -0.27747267 | W6: 0.48311836 | X6: 0.53891128 | Y6: 1.3874675 | Z6: 0.9324649 | AA6: 1.1666164 | AB6: 0.83221638 | AC6: 0.74044436 | AD6: 0.49238238 | AE6: 0.43542802 | AF6: 0.61985439 | AG6: 0.57821143
A7: 70 | B7: -0.0064965016 | C7: -0.078415848 | D7: 0.41781309 | E7: -1.3707752 | F7: -1.2041641 | G7: -1.1575902 | H7: -1.6757362 | I7: -0.76819509 | J7: -0.74206585 | K7: -1.501528 | L7: -1.5439771 | M7: -1.2059147 | N7: -0.89975089 | O7: -0.30814481 | P7: 0.082679741 | Q7: 0.26926532 | R7: 1.1314294 | S7: 0.43800616 | T7: 0.2177262 | U7: 0.20321856 | V7: 0.36359045 | W7: 1.2180575 | X7: 1.0849285 | Y7: 1.2097306 | Z7: 0.73177218 | AA7: 0.74447083 | AB7: 1.462236 | AC7: 2.0184221 | AD7: 3.1198812 | AE7: 2.6659863 | AF7: 2.4547689 | AG7: 2.1246736
A8: 107 | B8: 0.014148787 | C8: -0.41499627 | D8: 0.28507507 | E8: -0.80980253 | F8: -0.19567314 | G8: 0.52596319 | H8: 0.40426695 | I8: 0.42129207 | J8: 0.35687983 | K8: -0.1547627 | L8: 0.030403778 | M8: 0.020428527 | N8: 0.90135533 | O8: 1.9391366 | P8: 1.7401694 | Q8: 1.7087222 | R8: 1.7778327 | S8: 1.075106 | T8: 0.85329008 | U8: 0.2431808 | V8: 0.84401715 | W8: -0.43133205 | X8: -0.74827063 | Y8: -0.43094933 | Z8: -0.57259154 | AA8: -0.18867609 | AB8: -0.24768284 | AC8: -0.51827574 | AD8: 0.15168743 | AE8: 1.2270988 | AF8: 0.90219402 | AG8: 0.83656436
A9: 131 | B9: -0.00073600322 | C9: -0.86274171 | D9: -0.67868692 | E9: -1.0752181 | F9: -0.51017797 | G9: 0.95381927 | H9: 0.10735334 | I9: -1.110091 | J9: -0.55082107 | K9: -0.77085286 | L9: -1.1896962 | M9: 0.5555138 | N9: 0.87598056 | O9: 0.82625383 | P9: 0.92539996 | Q9: 0.32027802 | R9: -0.49815524 | S9: -1.5886973 | T9: -1.8963001 | U9: -1.4511145 | V9: -1.4734832 | W9: -1.8102943 | X9: -1.7554419 | Y9: -1.3159946 | Z9: -0.72415656 | AA9: -2.5354142 | AB9: -2.8172414 | AC9: -3.0215404 | AD9: -3.3465512 | AE9: -3.773334 | AF9: -4.4273992 | AG9: -3.8364892
A10: 161 | B10: 0.0044540917 | C10: -0.15005812 | D10: -0.052741699 | E10: -0.19227684 | F10: -1.0086389 | G10: -0.78124255 | H10: -1.2201444 | I10: 0.20953128 | J10: -0.13136019 | K10: -0.06609451 | L10: 0.75128579 | M10: 1.0769513 | N10: 1.4326388 | O10: -0.073242754 | P10: 0.18427564 | Q10: 1.0046816 | R10: 0.62308282 | S10: 0.038736511 | T10: 0.81347728 | U10: 1.1382779 | V10: 1.431986 | W10: 0.41133651 | X10: -0.20311232 | Y10: 0.65012825 | Z10: 0.75755018 | AA10: 1.0437118 | AB10: 0.62366682 | AC10: -0.60085106 | AD10: -0.33940747 | AE10: -0.013300398 | AF10: -0.330594 | AG10: -1.8918706
A11: 183 | B11: -4.2478176e-05 | C11: 0.13436668 | D11: 0.62911862 | E11: 0.12987517 | F11: 0.064867742 | G11: -1.0899773 | H11: -0.34800521 | I11: -1.2781043 | J11: -0.9251588 | K11: -0.71604133 | L11: -1.4158092 | M11: -0.46503943 | N11: -0.47425205 | O11: -1.6262597 | P11: -1.2058054 | Q11: -2.0569103 | R11: -2.7634282 | S11: -1.6668781 | T11: -1.4212542 | U11: -1.3465126 | V11: -1.2034098 | W11: -1.1957616 | X11: -1.4297596 | Y11: -1.1283218 | Z11: -1.1345484 | AA11: -0.34520718 | AB11: -0.1827755 | AC11: -0.28418064 | AD11: 0.0075109932 | AE11: -1.0503283 | AF11: -0.80062991 | AG11: -1.8125868
A12: 216 | B12: 0.0061332039 | C12: 0.24966665 | D12: 0.25548786 | E12: 0.51708663 | F12: 1.0574942 | G12: 0.74509805 | H12: 0.85117775 | I12: 1.3642802 | J12: 0.79105586 | K12: 0.70348918 | L12: 0.51624942 | M12: 1.8020122 | N12: 1.3918508 | O12: 1.5363553 | P12: 1.6225984 | Q12: 0.61973274 | R12: 0.21457313 | S12: 0.089533553 | T12: -0.33445081 | U12: -0.7488398 | V12: -1.2072531 | W12: -1.9861321 | X12: -1.7588371 | Y12: -0.7240175 | Z12: -0.97541088 | AA12: -1.9529611 | AB12: -2.2754631 | AC12: -2.3531685 | AD12: -1.8563688 | AE12: -1.9310805 | AF12: -1.9729478 | AG12: -2.5466483
A13: 232 | B13: -0.015017394 | C13: 0.58731264 | D13: -0.036043819 | E13: -0.49446753 | F13: -0.70753419 | G13: -1.1479291 | H13: -0.35116771 | I13: -0.80175811 | J13: -1.1887904 | K13: -0.91305363 | L13: -1.425142 | M13: -1.2851881 | N13: -1.1081748 | O13: -0.26565772 | P13: -1.2170787 | Q13: -0.82750762 | R13: -0.83357114 | S13: -1.7709416 | T13: -1.1847169 | U13: -1.1774516 | V13: -1.1221797 | W13: -0.35378754 | X13: -0.39982262 | Y13: -0.85572898 | Z13: -0.57000518 | AA13: -0.26304585 | AB13: -0.098023914 | AC13: 0.54460192 | AD13: 1.0002674 | AE13: -0.12567775 | AF13: -0.25283208 | AG13: -0.35339671
... A101: 2015 | B101: -0.0073547061 | C101: -0.3370946 | D101: -0.52618062 | E101: -2.6444921 | F101: -2.7060914 | G101: -1.4397812 | H101: -1.4630345 | I101: -0.57068628 | J101: -0.28550947 | K101: -0.17446396 | L101: -0.67398638 | M101: -2.2537637 | N101: -1.4348022 | O101: -2.9169402 | P101: -2.3009276 | Q101: -2.8188429 | R101: -2.9069123 | S101: -1.5570524 | T101: -2.0372362 | U101: -1.2936245 | V101: -0.79540288 | W101: -0.94570541 | X101: -0.7674669 | Y101: -0.67108846 | Z101: -0.83964741 | AA101: -0.41507173 | AB101: -0.7088846 | AC101: -0.51910782 | AD101: -0.19613232 | AE101: -1.5436668 | AF101: -1.7293431 | AG101: -2.3336139

Sheet da_step1k
A1: unit | B1: 0 | C1: 1 | D1: 2 | E1: 3 | F1: 4 | G1: 5 | H1: 6 | I1: 7 | J1: 8 | K1: 9 | L1: 10 | M1: 11 | N1: 12 | O1: 13 | P1: 14 | Q1: 15 | R1: 16 | S1: 17 | T1: 18 | U1: 19 | V1: 20 | W1: 21 | X1: 22 | Y1: 23 | Z1: 24 | AA1: 25 | AB1: 26 | AC1: 27 | AD1: 28 | AE1: 29 | AF1: 30 | AG1: 31
A2: 4 | B2: 0.064351499 | C2: -0.14273137 | D2: -0.30251306 | E2: 0.017657533 | F2: 0.3567746 | G2: 0.072961241 | H2: 0.31133309 | I2: 0.49446964 | J2: 0.2812542 | K2: 0.026611239 | L2: -0.10568923 | M2: -0.068420321 | N2: 0.23674238 | O2: -0.13685027 | P2: -0.94622654 | Q2: -0.23403412 | R2: 0.0090031773 | S2: 0.12363792 | T2: 0.43385413 | U2: 0.40467441 | V2: 0.0017878413 | W2: -0.11051717 | X2: -0.39651805 | Y2: -0.4922815 | Z2: -0.070879661 | AA2: 0.034455806 | AB2: 0.18922642 | AC2: 0.19533692 | AD2: -0.053441547 | AE2: -0.31185931 | AF2: -0.4096069 | AG2: -0.61166829
A3: 22 | B3: -0.63211507 | C3: -0.37248656 | D3: 0.56994116 | E3: 0.50990361 | F3: -1.0127288 | G3: -0.91893625 | H3: 0.32348201 | I3: 0.32660601 | J3: 0.24386983 | K3: 0.39141107 | L3: 0.2633394 | M3: 0.11284451 | N3: -0.33633262 | O3: -0.87603766 | P3: -0.34183332 | Q3: 0.19726509 | R3: -0.15784425 | S3: -0.19829977 | T3: -0.14073277 | U3: -0.13889402 | V3: 0.1191889 | W3: 0.11721617 | X3: 0.32643318 | Y3: 0.1101473 | Z3: -0.44182986 | AA3: -0.41883183 | AB3: -0.57453156 | AC3: -0.6877588 | AD3: -0.29039884 | AE3: -0.052705765 | AF3: 0.17465234 | AG3: 0.61434841
A4: 23 | B4: -0.12091132 | C4: 0.26483122 | D4: -0.39239025 | E4: -0.53071702 | F4: -0.068480909 | G4: -0.055629671 | H4: 0.65162337 | I4: 0.41498417 | J4: -0.39868569 | K4: -0.293201 | L4: 0.41354498 | M4: 0.22762772 | N4: -0.40926841 | O4: -0.1945546 | P4: 0.48943186 | Q4: 0.5010708 | R4: -0.019870535 | S4: 0.16312909 | T4: -0.13376363 | U4: -0.45372927 | V4: 0.29827228 | W4: 0.28016785 | X4: 0.50310707 | Y4: 0.28290212 | Z4: -1.4331794 | AA4: -0.92973208 | AB4: 0.27081406 | AC4: -0.16439423 | AD4: -0.24869436 | AE4: -0.0061399341 | AF4: 0.78368402 | AG4: 1.4781473
A5: 59 | B5: -2.0210726 | C5: -0.8057282 | D5: 1.1710883 | E5: 1.1524172 | F5: -0.30538857 | G5: -0.48484671 | H5: -0.031897321 | I5: 0.1072107 | J5: -0.51741624 | K5: -0.30749765 | L5: -0.3601436 | M5: -0.73409212 | N5: -0.79210854 | O5: -0.46928835 | P5: 0.37762654 | Q5: 0.25918889 | R5: 0.54774809 | S5: 0.29467273 | T5: -0.3665607 | U5: -0.40990269 | V5: -0.45555997 | W5: -0.47839046 | X5: -0.20012498 | Y5: -0.15707266 | Z5: 0.37977493 | AA5: 0.46554005 | AB5: 0.60454035 | AC5: 0.53496778 | AD5: -0.72596037 | AE5: -0.62994516 | AF5: 0.64267468 | AG5: 1.2410462
A6: 60 | B6: 1.7080061 | C6: 1.0196954 | D6: -0.34028727 | E6: -0.61066031 | F6: 0.89922458 | G6: 1.0516635 | H6: -0.92449069 | I6: -0.73610884 | J6: -0.23554353 | K6: -0.4515515 | L6: -0.22253495 | M6: -0.041245282 | N6: -0.16125453 | O6: -0.42238009 | P6: 0.96694672 | Q6: 0.6857903 | R6: -0.6772064 | S6: -0.52277118 | T6: -0.17738716 | U6: -0.10755464 | V6: 0.26370308 | W6: 0.40819198 | X6: 0.45217457 | Y6: 0.19677681 | Z6: -0.11042553 | AA6: -0.050124258 | AB6: -0.21308604 | AC6: -0.169917 | AD6: -0.15250817 | AE6: 0.063736007 | AF6: 0.071391702 | AG6: -0.041642964
A7: 70 | B7: -0.071919344 | C7: 0.21215479 | D7: -0.64617968 | E7: -0.81098861 | F7: 0.10659254 | G7: -0.23578602 | H7: 0.19469753 | I7: 0.46683517 | J7: -0.36666647 | K7: -0.40095565 | L7: 0.14780664 | M7: 0.32211313 | N7: 0.44888496 | O7: 0.49121532 | P7: 0.28870505 | Q7: 0.52437484 | R7: 0.084370419 | S7: -0.4568516 | T7: -0.1173938 | U7: 0.072932124 | V7: 0.50741947 | W7: 0.36066902 | X7: -0.004163444 | Y7: -0.17657816 | Z7: -0.2326299 | AA7: 0.36523193 | AB7: 0.63697565 | AC7: 0.82882255 | AD7: 0.32378209 | AE7: -0.33255613 | AF7: -0.27065635 | AG7: -0.33009529
A8: 107 | B8: -0.42914504 | C8: 0.13546315 | D8: -0.19740313 | E8: -0.2403741 | F8: 0.66788286 | G8: 0.29997003 | H8: -0.05233556 | I8: -0.023693562 | J8: -0.28802738 | K8: -0.16323802 | L8: 0.087595612 | M8: 0.43547577 | N8: 0.95935404 | O8: 0.41940704 | P8: -0.1152072 | Q8: 0.01883167 | R8: -0.3168081 | S8: -0.46227133 | T8: -0.41596261 | U8: -0.0046364665 | V8: -0.33725643 | W8: -0.79614389 | X8: 0.00019136071 | Y8: 0.087839544 | Z8: 0.12113662 | AA8: 0.16245435 | AB8: -0.16479982 | AC8: 0.19968513 | AD8: 0.87268728 | AE8: 0.37525329 | AF8: -0.19526723 | AG8: -0.065629661
A9: 131 | B9: -0.86200571 | C9: -0.33897546 | D9: -0.10623819 | E9: 0.084254473 | F9: 1.0145187 | G9: 0.30876565 | H9: -1.0319551 | I9: -0.3290872 | J9: 0.16961905 | K9: -0.31943756 | L9: 0.66318333 | M9: 1.0328383 | N9: 0.13537002 | O9: 0.024709702 | P9: -0.25298792 | Q9: -0.71177757 | R9: -0.95448768 | S9: -0.69907242 | T9: 0.068791389 | U9: 0.21140844 | V9: -0.17958987 | W9: -0.14097935 | X9: 0.24714983 | Y9: 0.51564264 | Z9: -0.6097098 | AA9: -1.0465424 | AB9: -0.24306309 | AC9: -0.26465487 | AD9: -0.37589681 | AE9: -0.54042399 | AF9: -0.031577587 | AG9: 0.59090996
A10: 161 | B10: -0.15451221 | C10: -0.028597895 | D10: -0.021109357 | E10: -0.47794858 | F10: -0.29448286 | G10: -0.10575277 | H10: 0.4953869 | I10: 0.54439211 | J10: -0.1378129 | K10: 0.44132298 | L10: 0.57152289 | M10: 0.34067649 | N10: -0.57509702 | O10: -0.62418157 | P10: 0.53896219 | Q10: 0.21940359 | R10: -0.48297253 | S10: 0.095197231 | T10: 0.54977071 | U10: 0.30925435 | V10: -0.36347067 | W10: -0.81754917 | X10: 0.11939587 | Y10: 0.48033124 | Z10: 0.19679177 | AA10: -0.066941679 | AB10: -0.82228142 | AC10: -0.48153716 | AD10: 0.29377532 | AE10: 0.0044067353 | AF10: -0.9392851 | AG10: -1.5612767
A11: 183 | B11: 0.13440916 | C11: 0.31458056 | D11: -0.002245754 | E11: -0.28212544 | F11: -0.60992622 | G11: -0.20643647 | H11: -0.09406352 | I11: -0.28857678 | J11: 0.28103149 | K11: -0.24532518 | L11: 0.12550095 | M11: 0.47077855 | N11: -0.58061016 | O11: -0.36577669 | P11: -0.2153253 | Q11: -0.7788114 | R11: 0.19501609 | S11: 0.67108703 | T11: 0.16018277 | U11: 0.10892218 | V11: 0.075375497 | W11: -0.11317492 | X11: 0.033719897 | Y11: 0.1476056 | Z11: 0.39155728 | AA11: 0.47588646 | AB11: 0.030513272 | AC11: 0.095143244 | AD11: -0.38307381 | AE11: -0.40407047 | AF11: -0.38112926 | AG11: -1.0119569
A12: 216 | B12: 0.24353345 | C12: 0.12467733 | D12: 0.13371 | E12: 0.40100315 | F12: 0.11400571 | G12: -0.10315821 | H12: 0.30959108 | I12: -0.030060947 | J12: -0.33039552 | K12: -0.13740322 | L12: 0.54926151 | M12: 0.43780071 | N12: -0.13282847 | O12: 0.11537379 | P12: -0.45831126 | Q12: -0.70401263 | R12: -0.26509959 | S12: -0.27451196 | T12: -0.41918668 | U12: -0.43640113 | V12: -0.61864614 | W12: -0.275792 | X12: 0.63105732 | Y12: 0.39171311 | Z12: -0.61447179 | AA12: -0.65002608 | AB12: -0.2001037 | AC12: 0.20954716 | AD12: 0.21104401 | AE12: -0.058289528 | AF12: -0.3077839 | AG12: -0.57370043
A13: 232 | B13: 0.60233003 | C13: -0.010513213 | D13: -0.5408901 | E13: -0.33574519 | F13: -0.32673079 | G13: 0.17818324 | H13: 0.17308548 | I13: -0.41881138 | J13: -0.055647761 | K13: -0.1181758 | L13: -0.18606722 | M13: 0.15848362 | N13: 0.50976515 | O13: -0.054451942 | P13: -0.28092495 | Q13: 0.19175377 | R13: -0.471717 | S13: -0.1755729 | T13: 0.296745 | U13: 0.031268597 | V13: 0.41183203 | W13: 0.36117858 | X13: -0.25097072 | Y13: -0.085091278 | Z13: 0.29634157 | AA13: 0.23599063 | AB13: 0.40382388 | AC13: 0.54914564 | AD13: -0.33513984 | AE13: -0.62654972 | AF13: -0.11385948 | AG13: -0.10056463
... A101: 2015 | B101: -0.3297399 | C101: -0.25941297 | D101: -1.1536988 | E101: -1.0899553 | F101: 0.60235548 | G101: 0.62152845 | H101: 0.43454745 | I101: 0.58876252 | J101: 0.19811116 | K101: -0.19423845 | L101: -1.0396498 | M101: -0.3804079 | N101: -0.33158827 | O101: -0.43306273 | P101: 0.049048662 | Q101: -0.30299234 | R101: 0.63089526 | S101: 0.43483806 | T101: 0.13171393 | U101: 0.62091666 | V101: 0.17395955 | W101: 0.013967991 | X101: 0.13730848 | Y101: -0.036090255 | Z101: 0.12800837 | AA101: 0.065381408 | AB101: -0.052018046 | AC101: 0.25637615 | AD101: -0.51227951 | AE101: -0.76660538 | AF101: -0.39497352 | AG101: -0.60427082

Sheet a_step100k
A1: unit | B1: 0 | C1: 1 | D1: 2 | E1: 3 | F1: 4 | G1: 5 | H1: 6 | I1: 7 | J1: 8 | K1: 9 | L1: 10 | M1: 11 | N1: 12 | O1: 13 | P1: 14 | Q1: 15 | R1: 16 | S1: 17 | T1: 18 | U1: 19 | V1: 20 | W1: 21 | X1: 22 | Y1: 23 | Z1: 24 | AA1: 25 | AB1: 26 | AC1: 27 | AD1: 28 | AE1: 29 | AF1: 30 | AG1: 31
A2: 4 | B2: 0.015790379 | C2: 0.025658004 | D2: 0.013368418 | E2: 0.038001258 | F2: 0.038118709 | G2: 0.050287332 | H2: 0.033772346 | I2: 0.045531221 | J2: 0.059692893 | K2: 0.07144966 | L2: 0.064796411 | M2: 0.059954189 | N2: 0.049795508 | O2: 0.050649762 | P2: 0.061076492 | Q2: 0.070239469 | R2: -0.0045290934 | S2: 0.0052322154 | T2: 0.0061771129 | U2: 0.028556116 | V2: 0.019952068 | W2: 0.022965368 | X2: 0.017229568 | Y2: -0.021987099 | Z2: -0.024015659 | AA2: -0.016548682 | AB2: 0.08275415 | AC2: 0.071512185 | AD2: 0.07629215 | AE2: 0.05478926 | AF2: 0.22214758 | AG2: 0.062293217
A3: 22 | B3: -0.0076347818 | C3: -0.01434037 | D3: -0.017879182 | E3: -0.018284298 | F3: -0.02239882 | G3: -0.03122247 | H3: -0.023461377 | I3: -0.018883133 | J3: -0.0076864422 | K3: -0.0012955547 | L3: -0.014839065 | M3: -0.020669647 | N3: -0.045479249 | O3: -0.034512516 | P3: -0.042234212 | Q3: -0.054280594 | R3: -0.036323663 | S3: -0.02333842 | T3: -0.080089785 | U3: -0.083219685 | V3: -0.066650517 | W3: -0.070226222 | X3: -0.064101785 | Y3: -0.081260704 | Z3: -0.14140122 | AA3: -0.11440054 | AB3: -0.11104154 | AC3: -0.13091753 | AD3: -0.12956376 | AE3: -0.11588457 | AF3: -0.16155845 | AG3: -0.094328396
A4: 23 | B4: 0.038545344 | C4: 0.039623398 | D4: 0.043816667 | E4: 0.035993095 | F4: 0.034612536 | G4: 0.020671679 | H4: 0.046262559 | I4: 0.049316149 | J4: 0.052536577 | K4: 0.047077369 | L4: 0.065226585 | M4: 0.068722889 | N4: 0.046922393 | O4: 0.060598534 | P4: 0.078869291 | Q4: 0.098232307 | R4: 0.089083105 | S4: 0.07759168 | T4: 0.10621805 | U4: 0.12126625 | V4: 0.12059746 | W4: 0.11274912 | X4: 0.27302873 | Y4: 0.27976787 | Z4: 0.23724151 | AA4: 0.16726702 | AB4: 0.20591843 | AC4: 0.28422877 | AD4: 0.22050568 | AE4: 0.24299777 | AF4: 0.34541121 | AG4: 0.48267403
A5: 59 | B5: -0.0037042249 | C5: 0.0026494246 | D5: -0.001140597 | E5: 0.0014858047 | F5: -0.00016729001 | G5: -0.014070345 | H5: -0.0067331493 | I5: -0.020245623 | J5: -0.033678088 | K5: -0.031179618 | L5: -0.024959225 | M5: -0.044924494 | N5: -0.047988486 | O5: -0.060432434 | P5: -0.04279403 | Q5: -0.070061907 | R5: -0.14280862 | S5: -0.15826333 | T5: -0.12819667 | U5: -0.16991876 | V5: -0.19143312 | W5: -0.22993594 | X5: -0.32735577 | Y5: -0.38335615 | Z5: -0.34788796 | AA5: -0.32972807 | AB5: -0.32857728 | AC5: -0.29853246 | AD5: -0.29719183 | AE5: -0.33090529 | AF5: -0.23395768 | AG5: -0.19283819
A6: 60 | B6: -0.045610379 | C6: -0.034227185 | D6: -0.025761025 | E6: -0.022227349 | F6: -0.01999113 | G6: -0.02333637 | H6: -0.046280596 | I6: -0.064335965 | J6: -0.042056281 | K6: -0.054171599 | L6: -0.040674049 | M6: -0.041572325 | N6: -0.032844171 | O6: -0.065027803 | P6: -0.066912368 | Q6: -0.049723942 | R6: -0.086581007 | S6: -0.077193737 | T6: -0.037412323 | U6: -0.046517696 | V6: -0.055665746 | W6: -0.065916747 | X6: -0.047600113 | Y6: -0.02920178 | Z6: -0.020053187 | AA6: -0.00090036821 | AB6: -0.0048300792 | AC6: 0.0053356537 | AD6: 0.0074706534 | AE6: -0.0051546176 | AF6: 0.0030454067 | AG6: -0.034255404
A7: 70 | B7: 0.031085929 | C7: 0.036387682 | D7: 0.029683417 | E7: 0.027037174 | F7: 0.023907047 | G7: 0.034008861 | H7: 0.0027888846 | I7: 0.014594061 | J7: -0.0056173177 | K7: -0.0075386856 | L7: -0.039535504 | M7: -0.029610302 | N7: -0.029884135 | O7: -0.019621657 | P7: -0.00049894763 | Q7: 0.019971175 | R7: 0.040888637 | S7: 0.067071296 | T7: 0.022466222 | U7: 0.057719406 | V7: 0.022039838 | W7: 0.025883462 | X7: -0.038827799 | Y7: -0.067072146 | Z7: -0.076766357 | AA7: -0.088939913 | AB7: -0.071089506 | AC7: -0.13005158 | AD7: -0.13485308 | AE7: -0.1988291 | AF7: -0.10832793 | AG7: -0.15386179
A8: 107 | B8: 0.0045623998 | C8: 0.019043813 | D8: 0.016622132 | E8: 0.024774449 | F8: 0.048875604 | G8: 0.059988234 | H8: 0.040459454 | I8: 0.029226387 | J8: 0.0079268413 | K8: -0.00020556178 | L8: 0.02228195 | M8: 0.027556298 | N8: 0.047778223 | O8: 0.066593505 | P8: 0.092374362 | Q8: 0.10834371 | R8: 0.14899562 | S8: 0.15607174 | T8: 0.079185642 | U8: 0.11350776 | V8: 0.090515137 | W8: 0.10091991 | X8: 0.12930983 | Y8: 0.14995527 | Z8: 0.1121127 | AA8: 0.090094477 | AB8: 0.042646665 | AC8: 0.028980181 | AD8: 0.063765712 | AE8: 0.028436687 | AF8: 0.0093598533 | AG8: 0.0059008216
A9: 131 | B9: 0.015473399 | C9: 0.022308854 | D9: 0.010359988 | E9: 0.014618264 | F9: 0.054794591 | G9: 0.085311569 | H9: 0.10400253 | I9: 0.097908139 | J9: 0.10819901 | K9: 0.111848 | L9: 0.09254799 | M9: 0.094739027 | N9: 0.10409026 | O9: 0.098948985 | P9: 0.10348006 | Q9: 0.08535289 | R9: 0.12444681 | S9: 0.12287125 | T9: 0.16700859 | U9: 0.15623955 | V9: 0.14971782 | W9: 0.14803149 | X9: 0.20761441 | Y9: 0.24009746 | Z9: 0.27061972 | AA9: 0.22647896 | AB9: 0.25632998 | AC9: 0.3108331 | AD9: 0.24423374 | AE9: 0.26862276 | AF9: 0.21890017 | AG9: 0.1971866
A10: 161 | B10: -0.004085612 | C10: 0.0078232549 | D10: 0.0070132902 | E10: -0.0037448665 | F10: -0.0042989845 | G10: 0.0014094942 | H10: -0.0054781409 | I10: 0.00031854463 | J10: 0.0091776866 | K10: 0.013989455 | L10: 0.0040169908 | M10: 0.02062628 | N10: 0.031220272 | O10: 0.044387992 | P10: 0.065067649 | Q10: 0.087923579 | R10: 0.080021136 | S10: 0.070822828 | T10: 0.058084641 | U10: 0.12061227 | V10: 0.16185676 | W10: 0.14626628 | X10: 0.078579687 | Y10: 0.078904279 | Z10: 0.092141747 | AA10: 0.11973442 | AB10: 0.12193891 | AC10: 0.014572538 | AD10: 0.097850606 | AE10: 0.14405589 | AF10: 0.15144929 | AG10: 0.044572264
A11: 183 | B11: 0.04110685 | C11: 0.027125817 | D11: 0.024082756 | E11: 0.027792105 | F11: 0.02385059 | G11: -9.3728733e-05 | H11: 0.023114568 | I11: 0.0081141237 | J11: 0.051498137 | K11: 0.038205344 | L11: 0.05984037 | M11: 0.023966737 | N11: -0.035099942 | O11: -0.070807755 | P11: -0.047791567 | Q11: -0.066665046 | R11: -0.048489023 | S11: -0.04302023 | T11: 0.0072945212 | U11: 0.040417109 | V11: 0.090940803 | W11: 0.080269195 | X11: 0.080263913 | Y11: 0.11648021 | Z11: 0.070596181 | AA11: 0.086793676 | AB11: 0.11542621 | AC11: 0.10239179 | AD11: 0.18749142 | AE11: 0.1101319 | AF11: 0.24055651 | AG11: 0.25443077
A12: 216 | B12: 0.0067318096 | C12: 0.025559269 | D12: 0.018734878 | E12: 0.020048575 | F12: 0.0045821494 | G12: -0.020004662 | H12: -0.0036995208 | I12: -0.011786264 | J12: -0.031534452 | K12: -0.022657687 | L12: -0.011232861 | M12: -0.021117097 | N12: -0.054632198 | O12: -0.047088489 | P12: -0.040810242 | Q12: -0.069793142 | R12: -0.058667947 | S12: -0.049277935 | T12: -0.027599305 | U12: -0.021350116 | V12: -0.036302868 | W12: -0.034316681 | X12: -0.12726305 | Y12: -0.13666226 | Z12: -0.16042709 | AA12: -0.22760272 | AB12: -0.11820753 | AC12: -0.25938722 | AD12: -0.23783784 | AE12: -0.42511579 | AF12: -0.23462996 | AG12: -0.37226877
A13: 232 | B13: -0.009069493 | C13: -0.00063364988 | D13: -0.0095221996 | E13: 0.00023358312 | F13: -0.011525366 | G13: -0.0016969217 | H13: 0.018284304 | I13: -0.0046951566 | J13: -0.066865101 | K13: -0.042064264 | L13: -0.040680684 | M13: -0.047146127 | N13: -0.043033205 | O13: -0.033733819 | P13: -0.037114978 | Q13: -0.036261473 | R13: -0.041624073 | S13: -0.024837663 | T13: 0.017723139 | U13: 0.059247971 | V13: 0.062317796 | W13: 0.059174158 | X13: 0.090289354 | Y13: 0.11078928 | Z13: 0.21725877 | AA13: 0.22958583 | AB13: 0.23235653 | AC13: 0.3208949 | AD13: 0.36874554 | AE13: 0.26694861 | AF13: 0.2921207 | AG13: 0.28990489
... A101: 2015 | B101: -0.066046059 | C101: -0.076113597 | D101: -0.062800415 | E101: -0.067630991 | F101: -0.058849242 | G101: -0.065358773 | H101: -0.06219266 | I101: -0.073943667 | J101: -0.075587474 | K101: -0.072356343 | L101: -0.092626169 | M101: -0.11945331 | N101: -0.10756818 | O101: -0.12462503 | P101: -0.11863203 | Q101: -0.11555549 | R101: -0.16337639 | S101: -0.16273391 | T101: -0.25755718 | U101: -0.24614109 | V101: -0.1989091 | W101: -0.22397941 | X101: -0.28009027 | Y101: -0.29881257 | Z101: -0.34691244 | AA101: -0.29284877 | AB101: -0.36402005 | AC101: -0.44406915 | AD101: -0.4805648 | AE101: -0.62406367 | AF101: -0.53931516 | AG101: -0.59272295

Sheet da_step100k
A1: unit | B1: 0 | C1: 1 | D1: 2 | E1: 3 | F1: 4 | G1: 5 | H1: 6 | I1: 7 | J1: 8 | K1: 9 | L1: 10 | M1: 11 | N1: 12 | O1: 13 | P1: 14 | Q1: 15 | R1: 16 | S1: 17 | T1: 18 | U1: 19 | V1: 20 | W1: 21 | X1: 22 | Y1: 23 | Z1: 24 | AA1: 25 | AB1: 26 | AC1: 27 | AD1: 28 | AE1: 29 | AF1: 30 | AG1: 31
A2: 4 | B2: 0.0098676253 | C2: -0.0012109801 | D2: 0.006171627 | E2: 0.012375145 | F2: 0.0061430372 | G2: -0.0021731816 | H2: -0.0023780558 | I2: 0.012960274 | J2: 0.01295922 | K2: 0.0025517587 | L2: -0.0057477355 | M2: -0.0075004511 | N2: -0.0046522133 | O2: 0.0056404918 | P2: 0.0097948536 | Q2: -0.032802794 | R2: -0.032503627 | S2: 0.0053531034 | T2: 0.01166195 | U2: 0.0068874778 | V2: -0.002795374 | W2: -0.0013612499 | X2: -0.022476234 | Y2: -0.020622615 | Z2: 0.0027192086 | AA2: 0.053384904 | AB2: 0.044030435 | AC2: -0.0032310002 | AD2: -0.0083614625 | AE2: 0.072927713 | AF2: 0.0037519783 | AG2: -0.15985437
A3: 22 | B3: -0.0067055882 | C3: -0.0051222006 | D3: -0.0019719643 | E3: -0.0022598188 | F3: -0.0064690858 | G3: -0.00053127855 | H3: 0.0061696684 | I3: 0.0078874677 | J3: 0.008793789 | K3: -0.0035763115 | L3: -0.0096870456 | M3: -0.015320092 | N3: -0.0069214348 | O3: 0.0016225185 | P3: -0.0098840389 | Q3: 0.0029552747 | R3: 0.015471087 | S3: -0.021883061 | T3: -0.029940631 | U3: 0.0067196339 | V3: 0.0064967312 | W3: 0.0012743659 | X3: -0.0055172406 | Y3: -0.038649715 | Z3: -0.01656992 | AA3: 0.015179839 | AB3: -0.0082584955 | AC3: -0.0092611127 | AD3: 0.007516481 | AE3: -0.015997343 | AF3: 0.010778088 | AG3: 0.067230053
A4: 23 | B4: 0.0010780543 | C4: 0.0026356615 | D4: -0.0018151514 | E4: -0.0046020653 | F4: -0.0076607084 | G4: 0.0058250111 | H4: 0.014322235 | I4: 0.0031370092 | J4: -0.0011193901 | K4: 0.0063450038 | L4: 0.01082276 | M4: -0.0091520958 | N4: -0.0040621776 | O4: 0.015973449 | P4: 0.018816886 | Q4: 0.0051069073 | R4: -0.010320313 | S4: 0.0085674748 | T4: 0.021837283 | U4: 0.0071897022 | V4: -0.0042585619 | W4: 0.07621564 | X4: 0.083509371 | Y4: -0.017893612 | Z4: -0.056250423 | AA4: -0.015661538 | AB4: 0.058480874 | AC4: 0.0072936267 | AD4: -0.020615503 | AE4: 0.062452763 | AF4: 0.11983813 | AG4: 0.13726282
A5: 59 | B5: 0.0063536493 | C5: 0.001281814 | D5: -0.00058180996 | E5: 0.00048665353 | F5: -0.0077780751 | G5: -0.0032829295 | H5: -0.0030876389 | I5: -0.01347247 | J5: -0.0054669976 | K5: 0.0043594316 | L5: -0.0068724379 | M5: -0.01151463 | N5: -0.0077539701 | O5: 0.0025972277 | P5: -0.0048147365 | Q5: -0.050007291 | R5: -0.044100709 | S5: 0.0073059723 | T5: -0.0058277175 | U5: -0.031618223 | V5: -0.030008592 | W5: -0.067961328 | X5: -0.076710105 | Y5: -0.010266095 | Z5: 0.026814044 | AA5: 0.0096553415 | AB5: 0.015597805 | AC5: 0.015692726 | AD5: -0.016186416 | AE5: 0.031617075 | AF5: 0.069033548 | AG5: 0.041119486
A6: 60 | B6: 0.011383194 | C6: 0.0099246772 | D6: 0.0059999181 | E6: 0.0028849477 | F6: -0.00055451039 | G6: -0.013144733 | H6: -0.020499798 | I6: 0.0021121576 | J6: 0.0050821826 | K6: 0.00069111586 | L6: 0.0062996373 | M6: 0.0039149392 | N6: -0.011727739 | O6: -0.017034099 | P6: 0.0076519307 | Q6: -0.0098343194 | R6: -0.013734898 | S6: 0.024584342 | T6: 0.01533802 | U6: -0.0091267116 | V6: -0.0096995253 | W6: 0.0040328167 | X6: 0.018357484 | Y6: 0.013773463 | Z6: 0.014150705 | AA6: 0.0076115541 | AB6: 0.0031180109 | AC6: 0.0061503663 | AD6: -0.0052451356 | AE6: -0.0022126234 | AF6: -0.014550393 | AG6: -0.03730081
A7: 70 | B7: 0.0053017531 | C7: -0.0007012561 | D7: -0.0046752542 | E7: -0.002888185 | F7: 0.0034858435 | G7: -0.010559081 | H7: -0.0097073996 | I7: -0.0042031012 | J7: -0.011066373 | K7: -0.016959094 | L7: -0.011035808 | M7: 0.0048256842 | N7: 0.0049943225 | O7: 0.014692594 | P7: 0.019796416 | Q7: 0.020693792 | R7: 0.02355006 | S7: -0.0092112077 | T7: -0.0046759453 | U7: -0.00021319184 | V7: -0.015917972 | W7: -0.030433819 | X7: -0.046477802 | Y7: -0.018969279 | Z7: -0.010933883 | AA7: 0.0028384253 | AB7: -0.020555835 | AC7: -0.031881787 | AD7: -0.034388758 | AE7: 0.013262574 | AF7: 0.022483654 | AG7: -0.045533858
A8: 107 | B8: 0.014481412 | C8: 0.0060298657 | D8: 0.0028653182 | E8: 0.016126737 | F8: 0.017606892 | G8: -0.0042080749 | H8: -0.015380924 | I8: -0.016266307 | J8: -0.014715974 | K8: 0.0071775545 | L8: 0.01388093 | M8: 0.012748136 | N8: 0.019518603 | O8: 0.02229807 | P8: 0.020875104 | Q8: 0.02831063 | R8: 0.023864012 | S8: -0.03490499 | T8: -0.021281987 | U8: 0.0056647472 | V8: -0.0062939264 | W8: 0.019397348 | X8: 0.024517681 | Y8: -0.0085985661 | Z8: -0.029930398 | AA8: -0.03473302 | AB8: -0.030557148 | AC8: 0.010559523 | AD8: -0.00027174689 | AE8: -0.02720293 | AF8: -0.011267932 | AG8: -0.0034590317
A9: 131 | B9: 0.0068354551 | C9: -0.0025567058 | D9: -0.0038452954 | E9: 0.022217302 | F9: 0.035346653 | G9: 0.024603968 | H9: 0.006298285 | I9: 0.00209824 | J9: 0.0069699325 | K9: -0.0078255087 | L9: -0.0085544884 | M9: 0.005771134 | N9: 0.002104979 | O9: -0.00030509755 | P9: -0.0067980476 | Q9: 0.010483373 | R9: 0.01875918 | S9: 0.021280892 | T9: 0.016684152 | U9: -0.0086453855 | V9: -0.0041040331 | W9: 0.028948292 | X9: 0.046032988 | Y9: 0.031502657 | Z9: -0.0068092495 | AA9: -0.0071448684 | AB9: 0.042177066 | AC9: -0.0060481206 | AD9: -0.02110517 | AE9: -0.012666784 | AF9: -0.035718076 | AG9: -0.02171357
A10: 161 | B10: 0.011908866 | C10: 0.0055494513 | D10: -0.0057840608 | E10: -0.0056561371 | F10: 0.0025771803 | G10: -0.00058957818 | H10: -0.00054547482 | I10: 0.0073279138 | J10: 0.0068354551 | K10: -0.0025803479 | L10: 0.0033184127 | M10: 0.01360164 | N10: 0.011880856 | O10: 0.016923688 | P10: 0.021767793 | Q10: 0.0074767433 | R10: -0.0085503757 | S10: -0.010968247 | T10: 0.024894722 | U10: 0.051886059 | V10: 0.012827005 | W10: -0.041638535 | X10: -0.033681002 | Y10: 0.0067810304 | Z10: 0.020415071 | AA10: 0.014898583 | AB10: -0.052580941 | AC10: -0.012044154 | AD10: 0.064741671 | AE10: 0.026799344 | AF10: -0.049741812 | AG10: -0.10687703
A11: 183 | B11: -0.013981033 | C11: -0.0085120471 | D11: 0.00033314433 | E11: -0.00011608284 | F11: -0.013942917 | G11: -0.00036801118 | H11: 0.004103926 | I11: 0.014191785 | J11: 0.01504561 | K11: 0.0041711163 | L11: -0.0071193036 | M11: -0.047470156 | N11: -0.047387246 | O11: -0.0063458122 | P11: 0.0020713545 | Q11: -0.00034872815 | R11: 0.011822408 | S11: 0.027891772 | T11: 0.041718669 | U11: 0.041823141 | V11: 0.019926043 | W11: -0.0053384453 | X11: 0.018105507 | Y11: -0.0048338659 | Z11: -0.014843266 | AA11: 0.022415012 | AB11: 0.0077990592 | AC11: 0.036032606 | AD11: 0.0038700514 | AE11: 0.026532546 | AF11: 0.072149441 | AG11: 0.013874263
A12: 216 | B12: 0.018827459 | C12: 0.0060015339 | D12: -0.0027553467 | E12: -0.007076364 | F12: -0.020026619 | G12: -0.0041408353 | H12: 0.0041091987 | I12: -0.013917466 | J12: -0.0054357112 | K12: 0.010150796 | L12: 0.00077029504 | M12: -0.021699669 | N12: -0.012985696 | O12: 0.0069109779 | P12: -0.011352327 | Q12: -0.0089288522 | R12: 0.010257604 | S12: 0.015534321 | T12: 0.01396391 | U12: -0.0043517817 | V12: -0.0064832829 | W12: -0.045480095 | X12: -0.051172789 | Y12: -0.01658202 | Z12: -0.04547023 | AA12: 0.021109782 | AB12: -0.015892252 | AC12: -0.059815153 | AD12: -0.082864285 | AE12: 0.0016039386 | AF12: 0.026423514 | AG12: -0.13763881
A13: 232 | B13: 0.0084358435 | C13: -0.0002263533 | D13: 0.00043361651 | E13: -0.0010015834 | F13: -0.0009652524 | G13: 0.014904835 | H13: -0.0014991175 | I13: -0.042574704 | J13: -0.018684555 | K13: 0.013092209 | L13: -0.0025409311 | M13: -0.0011762604 | N13: 0.006706154 | O13: 0.0029591136 | P13: -0.0012638271 | Q13: -0.0022545476 | R13: 0.0057119047 | S13: 0.029673606 | T13: 0.042042818 | U13: 0.022297328 | V13: -3.6906451e-05 | W13: 0.013985779 | X13: 0.025807559 | Y13: 0.063484706 | Z13: 0.059398275 | AA13: 0.0075488836 | AB13: 0.045654535 | AC13: 0.068194501 | AD13: -0.026973143 | AE13: -0.03831242 | AF13: 0.011478141 | AG13: -0.0022158027
... A101: 2015 | B101: -0.010067537 | C101: 0.0016228221 | D101: 0.0042413026 | E101: 0.0019755866 | F101: 0.0011361092 | G101: -0.0016717091 | H101: -0.0042924471 | I101: -0.006697407 | J101: 0.00079366192 | K101: -0.0085193478 | L101: -0.023548484 | M101: -0.0074710064 | N101: -0.0025858581 | O101: -0.005531922 | P101: 0.0045347698 | Q101: -0.022372182 | R101: -0.023589212 | S101: -0.047090396 | T101: -0.041703589 | U101: 0.02932404 | V101: 0.011080839 | W101: -0.040590584 | X101: -0.037416577 | Y101: -0.033411086 | Z101: 0.0029819012 | AA101: -0.008553803 | AB101: -0.075610191 | AC101: -0.058272377 | AD101: -0.089997262 | AE101: -0.029375181 | AF101: 0.015670359 | AG101: -0.053407788
